ean,styleNumber,styleOption,size,color,brandName,brandcode,subbrandName,productCategory,productSubcategory,gender,ediSeason,ediStyleName,countryOfOrigin,price_eur,price_usd,price_gbp,grossPrice_eur,b2bReadinessDate,articleStatus,enrichmentStatus,createdOn,lastUpdated,fabricComposition,washingInstructions,ediDescription
5713447670000,16050238,16050238_Cream,XXL,Cream,Velocity Apparel,16,Velocity Apparel,Knit,Pullover,Female,Spring,MATI CREA PUL,TR,113.12,135.74,101.81,45.25,2024-12-06T00:00:00.000Z,created,ready,2025-09-18T00:00:00.000Z,2025-03-27T00:00:00.000Z,97% Cotton 3% Elastane,Machine Wash Cold,Pullover in Cream from Matinique collection
5713447670001,16050239,16050239_White,M,White,Nova Style,4,Nova Style,Knitwear,Cardigans,Male,All Season,VILA WHIT CAR,BD,128.6,,115.74,51.44,2025-12-09T00:00:00.000Z,in_progress,ready,2024-06-25T00:00:00.000Z,2025-08-29T00:00:00.000Z,97% Cotton 3% Elastane,Machine Wash Cold,Cardigans in White from Vila collection
5713447670002,16050240,16050240_Green,XXL,Green,Echo Wear,5,Echo Wear,Knitwear,Cardigans,Male,Autumn,VERO GREE CAR,VN,28.96,34.75,26.06,11.58,2025-11-13T00:00:00.000Z,approved,ready,2025-08-20T00:00:00.000Z,2024-07-04T00:00:00.000Z,100% Polyester,Dry Clean Only,Cardigans in Green from Vero Moda collection
5713447670003,16050241,16050241_Grey,XS,Grey,Prime Cloth,11,Prime Cloth,Tops,T-Shirts,Female,All Season,ONLY GREY T-S,PT,26.22,,23.6,10.49,2025-03-08T00:00:00.000Z,retired,ready,2025-02-07T00:00:00.000Z,2024-05-27T00:00:00.000Z,100% Organic Cotton,Machine Wash 40°,T-Shirts in Grey from Only & Sons collection
5713447670004,16050242,16050242_Coral,L,Coral,Prime Cloth,11,Prime Cloth,Knitwear,Cardigans,Female,Spring,ONLY CORA CAR,CN,141.9,170.28,127.71,56.76,2025-02-24T00:00:00.000Z,created,ready,2025-05-23T00:00:00.000Z,2024-07-08T00:00:00.000Z,95% Polyester 5% Elastane,Machine Wash Cold,Cardigans in Coral from Only & Sons collection
5713447670005,16050243,16050243_Burgundy,XS,Burgundy,Infinity Mode,17,Infinity Mode,Skirts,Midi Skirts,Female,Winter,OBJE BURG MID,IT,144.27,173.12,,57.71,2024-12-27T00:00:00.000Z,in_progress,ready,2024-09-05T00:00:00.000Z,2025-06-18T00:00:00.000Z,50% Merino Wool 50% Acrylic,Machine Wash Cold,Midi Skirts in Burgundy from Object collection
5713447670006,16050244,16050244_Blue,M,Blue,Stellar Apparel,9,Stellar Apparel,Skirts,Midi Skirts,Female,All Season,PIEC BLUE MID,TR,91.47,,,36.59,2024-12-07T00:00:00.000Z,created,ready,2024-03-02T00:00:00.000Z,2024-10-21T00:00:00.000Z,95% Polyester 5% Elastane,Machine Wash 40°,Midi Skirts in Blue from Pieces collection
5713447670007,16050245,16050245_Pink,XXXL,Pink,Infinity Mode,17,Infinity Mode,Jackets,Bomber Jackets,Male,All Season,OBJE PINK BOM,TR,37.1,,,14.84,2025-02-06T00:00:00.000Z,in_progress,ready,2024-06-19T00:00:00.000Z,2024-02-17T00:00:00.000Z,50% Wool 50% Acrylic,Machine Wash 60°,Bomber Jackets in Pink from Object collection
5713447670008,16050246,16050246_Green,S,Green,Luxe Line,7,Luxe Line,Sweaters,Pullover Sweaters,Female,Autumn,NAME GREE PUL,CN,67.62,81.14,,27.05,2025-01-25T00:00:00.000Z,in_progress,ready,2025-08-28T00:00:00.000Z,2025-05-11T00:00:00.000Z,100% Polyester,Machine Wash Cold,Pullover Sweaters in Green from Name It collection
5713447670009,16050247,16050247_Cream,XXL,Cream,Infinity Mode,17,Infinity Mode,Tops,T-Shirts,Female,Autumn,OBJE CREA T-S,BD,72.65,,65.39,29.06,2025-02-21T00:00:00.000Z,approved,ready,2025-11-11T00:00:00.000Z,2024-07-01T00:00:00.000Z,60% Wool 40% Polyester,Dry Clean Only,T-Shirts in Cream from Object collection
5713447670010,16050248,16050248_Burgundy,L,Burgundy,Luxe Line,7,Luxe Line,Shorts,Denim Shorts,Female,Spring,NAME BURG DEN,BD,132.41,158.89,119.17,52.96,2025-02-22T00:00:00.000Z,created,ready,2025-04-07T00:00:00.000Z,2024-06-05T00:00:00.000Z,100% Leather,Hand Wash Only,Denim Shorts in Burgundy from Name It collection
5713447670011,16050249,16050249_Purple,XL,Purple,Zenith Wear,15,Zenith Wear,Tops,T-Shirts,Male,All Season,MINI PURP T-S,VN,117.53,141.04,,47.01,2025-02-24T00:00:00.000Z,in_progress,ready,2025-04-20T00:00:00.000Z,2025-02-02T00:00:00.000Z,97% Cotton 3% Elastane,Machine Wash 60°,T-Shirts in Purple from Minimum collection
5713447670012,16050250,16050250_Pink,S,Pink,Apex Fashion,6,Apex Fashion,Pants,Chinos,Female,Summer,NOIS PINK CHI,IT,68.45,,61.61,27.38,2025-03-29T00:00:00.000Z,created,ready,2024-02-27T00:00:00.000Z,2025-05-06T00:00:00.000Z,100% Polyester,Machine Wash 60°,Chinos in Pink from Noisy May collection
5713447670013,16050251,16050251_Navy,S,Navy,Apex Fashion,6,Apex Fashion,Pants,Cargo Pants,Male,Winter,NOIS NAVY CAR,RO,24.95,,,9.98,2025-02-15T00:00:00.000Z,created,ready,2024-06-08T00:00:00.000Z,2025-07-25T00:00:00.000Z,50% Merino Wool 50% Acrylic,Machine Wash 40°,Cargo Pants in Navy from Noisy May collection
5713447670014,16050252,16050252_Teal,S,Teal,Cascade Wear,18,Cascade Wear,Accessories,Scarves,Female,Spring,Y.A. TEAL SCA,VN,101.69,122.03,91.52,40.68,2024-12-26T00:00:00.000Z,retired,ready,2024-10-21T00:00:00.000Z,2024-08-11T00:00:00.000Z,75% Viscose 25% Nylon,Machine Wash 60°,Scarves in Teal from Y.A.S collection
5713447670015,16050253,16050253_Charcoal,L,Charcoal,Fusion Wear,12,Fusion Wear,Tops,T-Shirts,Male,Spring,JACK CHAR T-S,BD,107.75,129.3,96.98,43.1,2024-12-12T00:00:00.000Z,created,ready,2024-08-14T00:00:00.000Z,2024-02-16T00:00:00.000Z,50% Wool 50% Acrylic,Hand Wash Only,T-Shirts in Charcoal from Jack & Jones collection
5713447670016,16050254,16050254_Pink,XL,Pink,Cascade Wear,18,Cascade Wear,Pants,Cargo Pants,Female,All Season,Y.A. PINK CAR,TR,115.22,138.26,,46.09,2025-03-17T00:00:00.000Z,created,ready,2024-11-02T00:00:00.000Z,2025-01-27T00:00:00.000Z,100% Leather,Hand Wash Only,Cargo Pants in Pink from Y.A.S collection
5713447670017,16050255,16050255_Cream,XXXL,Cream,Stellar Apparel,9,Stellar Apparel,Hoodies,Zip Hoodies,Female,Winter,PIEC CREA ZIP,BD,37.61,,33.85,15.04,2025-02-13T00:00:00.000Z,created,ready,2024-06-07T00:00:00.000Z,2025-03-01T00:00:00.000Z,85% Polyamide 15% Elastane,Hand Wash Only,Zip Hoodies in Cream from Pieces collection
5713447670018,16050256,16050256_Olive,L,Olive,Metro Mode,8,Metro Mode,Jackets,Bomber Jackets,Female,Summer,SELE OLIV BOM,PT,56.67,,51,22.67,2024-12-21T00:00:00.000Z,created,ready,2025-08-15T00:00:00.000Z,2024-09-08T00:00:00.000Z,100% Viscose,Machine Wash 40°,Bomber Jackets in Olive from Selected collection
5713447670019,16050257,16050257_Denim,S,Denim,Zenith Wear,15,Zenith Wear,Skirts,Midi Skirts,Male,Summer,MINI DENI MID,RO,73.76,88.51,66.38,29.5,2025-01-10T00:00:00.000Z,approved,ready,2024-06-15T00:00:00.000Z,2024-02-25T00:00:00.000Z,75% Viscose 25% Nylon,Machine Wash 30°,Midi Skirts in Denim from Minimum collection
5713447670020,16050258,16050258_Brown,L,Brown,Zenith Wear,15,Zenith Wear,Pants,Chinos,Female,Summer,MINI BROW CHI,CN,106.78,,96.1,42.71,2025-02-12T00:00:00.000Z,approved,ready,2024-08-06T00:00:00.000Z,2025-07-08T00:00:00.000Z,97% Cotton 3% Elastane,Machine Wash Cold,Chinos in Brown from Minimum collection
5713447670021,16050259,16050259_Teal,XL,Teal,Quantum Style,13,Quantum Style,Jackets,Parka Jackets,Female,Winter,BLEN TEAL PAR,IN,22.62,27.14,20.36,9.05,2025-03-13T00:00:00.000Z,created,ready,2024-10-22T00:00:00.000Z,2025-08-14T00:00:00.000Z,99% Cotton 1% Elastane,Machine Wash 60°,Parka Jackets in Teal from Blend collection
5713447670022,16050260,16050260_Khaki,S,Khaki,Nova Style,4,Nova Style,Jackets,Bomber Jackets,Male,Autumn,VILA KHAK BOM,PT,110.3,132.36,99.27,44.12,2025-03-12T00:00:00.000Z,created,ready,2025-02-25T00:00:00.000Z,2024-03-02T00:00:00.000Z,65% Polyester 35% Cotton,Machine Wash 40°,Bomber Jackets in Khaki from Vila collection
5713447670023,16050261,16050261_Black,M,Black,Infinity Mode,17,Infinity Mode,Skirts,Midi Skirts,Male,Spring,OBJE BLAC MID,RO,83.47,100.16,,33.39,2025-03-07T00:00:00.000Z,created,ready,2025-02-08T00:00:00.000Z,2025-11-22T00:00:00.000Z,75% Viscose 25% Nylon,Machine Wash 30°,Midi Skirts in Black from Object collection
5713447670024,16050262,16050262_Brown,XL,Brown,Apex Fashion,6,Apex Fashion,T-Shirts,Basic Tees,Female,Autumn,NOIS BROW BAS,IN,107.38,128.86,,42.95,2025-03-10T00:00:00.000Z,approved,ready,2025-08-27T00:00:00.000Z,2025-08-03T00:00:00.000Z,50% Merino Wool 50% Acrylic,Machine Wash 30°,Basic Tees in Brown from Noisy May collection
5713447670025,16050263,16050263_Beige,XS,Beige,Metro Mode,8,Metro Mode,Jackets,Bomber Jackets,Female,Spring,SELE BEIG BOM,CN,97.81,117.37,88.03,39.12,2024-12-14T00:00:00.000Z,created,ready,2024-04-23T00:00:00.000Z,2024-11-18T00:00:00.000Z,100% Viscose,Hand Wash Only,Bomber Jackets in Beige from Selected collection
5713447670026,16050264,16050264_Cream,M,Cream,Prime Cloth,11,Prime Cloth,Skirts,Midi Skirts,Male,Winter,ONLY CREA MID,IN,93.07,111.68,83.76,37.23,2024-12-05T00:00:00.000Z,created,ready,2025-10-16T00:00:00.000Z,2024-06-25T00:00:00.000Z,95% Polyester 5% Elastane,Machine Wash Cold,Midi Skirts in Cream from Only & Sons collection
5713447670027,16050265,16050265_Blue,XS,Blue,Stellar Apparel,9,Stellar Apparel,Jackets,Parka Jackets,Female,Winter,PIEC BLUE PAR,TR,122.59,,,49.04,2025-01-25T00:00:00.000Z,retired,ready,2024-04-10T00:00:00.000Z,2024-08-21T00:00:00.000Z,97% Cotton 3% Elastane,Machine Wash 40°,Parka Jackets in Blue from Pieces collection
5713447670028,16050266,16050266_Denim,XXXL,Denim,Fusion Wear,12,Fusion Wear,Jackets,Parka Jackets,Male,All Season,JACK DENI PAR,CN,77.99,93.59,,31.2,2025-03-24T00:00:00.000Z,created,ready,2024-09-01T00:00:00.000Z,2024-08-20T00:00:00.000Z,100% Viscose,Dry Clean Only,Parka Jackets in Denim from Jack & Jones collection
5713447670029,16050267,16050267_Teal,XS,Teal,Infinity Mode,17,Infinity Mode,Knit,Pullover,Male,Spring,OBJE TEAL PUL,IT,145.88,,131.29,58.35,2025-02-13T00:00:00.000Z,in_progress,ready,2024-06-21T00:00:00.000Z,2025-05-22T00:00:00.000Z,95% Polyester 5% Elastane,Machine Wash 30°,Pullover in Teal from Object collection
5713447670030,16050268,16050268_Pink,XXXL,Pink,Velocity Apparel,16,Velocity Apparel,Tops,T-Shirts,Male,Summer,MATI PINK T-S,IN,100.3,120.36,90.27,40.12,2025-02-28T00:00:00.000Z,approved,ready,2025-01-08T00:00:00.000Z,2024-04-06T00:00:00.000Z,75% Viscose 25% Nylon,Hand Wash Only,T-Shirts in Pink from Matinique collection
5713447670031,16050269,16050269_Burgundy,XS,Burgundy,Infinity Mode,17,Infinity Mode,Pants,Chinos,Female,Spring,OBJE BURG CHI,IN,46.54,55.85,41.89,18.62,2025-01-15T00:00:00.000Z,in_progress,ready,2024-05-06T00:00:00.000Z,2024-12-21T00:00:00.000Z,60% Wool 40% Polyester,Dry Clean Only,Chinos in Burgundy from Object collection
5713447670032,16050270,16050270_Cream,XL,Cream,Infinity Mode,17,Infinity Mode,Shorts,Denim Shorts,Female,Autumn,OBJE CREA DEN,PT,116.68,140.02,,46.67,2024-12-06T00:00:00.000Z,created,ready,2024-10-03T00:00:00.000Z,2024-11-28T00:00:00.000Z,85% Polyamide 15% Elastane,Machine Wash 30°,Denim Shorts in Cream from Object collection
5713447670033,16050271,16050271_Olive,XXL,Olive,Metro Mode,8,Metro Mode,Knitwear,Cardigans,Male,Autumn,SELE OLIV CAR,BD,20.94,,18.85,8.38,2025-01-23T00:00:00.000Z,created,ready,2024-11-01T00:00:00.000Z,2025-09-14T00:00:00.000Z,85% Polyamide 15% Elastane,Machine Wash 30°,Cardigans in Olive from Selected collection
5713447670034,16050272,16050272_White,L,White,Fusion Wear,12,Fusion Wear,Jackets,Denim Jackets,Male,Summer,JACK WHIT DEN,PT,149.71,,,59.88,2025-01-12T00:00:00.000Z,created,ready,2024-11-06T00:00:00.000Z,2024-11-12T00:00:00.000Z,95% Polyester 5% Elastane,Dry Clean Only,Denim Jackets in White from Jack & Jones collection
5713447670035,16050273,16050273_Khaki,S,Khaki,Horizon Fashion,14,Horizon Fashion,Blazers,Casual Blazers,Female,All Season,PROD KHAK CAS,TR,81.57,97.88,,32.63,2025-02-20T00:00:00.000Z,in_progress,ready,2025-11-03T00:00:00.000Z,2024-09-19T00:00:00.000Z,50% Merino Wool 50% Acrylic,Machine Wash 40°,Casual Blazers in Khaki from Produkt collection
5713447670036,16050274,16050274_Cream,XXXL,Cream,Echo Wear,5,Echo Wear,Jackets,Parka Jackets,Female,Summer,VERO CREA PAR,IN,87.93,,79.14,35.17,2025-02-24T00:00:00.000Z,in_progress,ready,2025-11-06T00:00:00.000Z,2024-12-19T00:00:00.000Z,60% Wool 40% Polyester,Dry Clean Only,Parka Jackets in Cream from Vero Moda collection
5713447670037,16050275,16050275_Charcoal,XS,Charcoal,Velocity Apparel,16,Velocity Apparel,Shirts,Casual Shirts,Female,Spring,MATI CHAR CAS,IN,57.72,,,23.09,2025-01-12T00:00:00.000Z,created,ready,2024-11-12T00:00:00.000Z,2025-10-31T00:00:00.000Z,100% Viscose,Hand Wash Only,Casual Shirts in Charcoal from Matinique collection
5713447670038,16050276,16050276_Black,XS,Black,Zenith Wear,15,Zenith Wear,Jackets,Bomber Jackets,Male,All Season,MINI BLAC BOM,IT,82.45,,74.2,32.98,2024-12-25T00:00:00.000Z,in_progress,ready,2024-09-02T00:00:00.000Z,2024-09-15T00:00:00.000Z,50% Wool 50% Acrylic,Machine Wash 60°,Bomber Jackets in Black from Minimum collection
5713447670039,16050277,16050277_Olive,XL,Olive,Fusion Wear,12,Fusion Wear,Pants,Chinos,Female,Autumn,JACK OLIV CHI,TR,116.02,,,46.41,2024-12-18T00:00:00.000Z,created,ready,2024-02-01T00:00:00.000Z,2025-05-21T00:00:00.000Z,100% Polyester,Machine Wash 40°,Chinos in Olive from Jack & Jones collection
5713447670040,16050278,16050278_Teal,L,Teal,Stellar Apparel,9,Stellar Apparel,Dresses,Party Dresses,Female,Autumn,PIEC TEAL PAR,RO,56.48,67.78,50.83,22.59,2024-12-24T00:00:00.000Z,retired,ready,2025-07-14T00:00:00.000Z,2024-02-12T00:00:00.000Z,100% Organic Cotton,Machine Wash 30°,Party Dresses in Teal from Pieces collection
5713447670041,16050279,16050279_Charcoal,XS,Charcoal,Zenith Wear,15,Zenith Wear,Sweaters,Pullover Sweaters,Female,Winter,MINI CHAR PUL,TR,78.77,,,31.51,2025-01-04T00:00:00.000Z,in_progress,ready,2024-03-18T00:00:00.000Z,2025-05-20T00:00:00.000Z,95% Polyester 5% Elastane,Machine Wash Cold,Pullover Sweaters in Charcoal from Minimum collection
5713447670042,16050280,16050280_Charcoal,S,Charcoal,Apex Fashion,6,Apex Fashion,Skirts,Midi Skirts,Male,Summer,NOIS CHAR MID,BD,23.62,,,9.45,2024-12-21T00:00:00.000Z,created,ready,2025-09-18T00:00:00.000Z,2025-09-08T00:00:00.000Z,97% Cotton 3% Elastane,Machine Wash Cold,Midi Skirts in Charcoal from Noisy May collection
5713447670043,16050281,16050281_Mustard,L,Mustard,Prime Cloth,11,Prime Cloth,Coats,Wool Coats,Female,Spring,ONLY MUST WOO,RO,119.37,143.24,107.43,47.75,2025-02-24T00:00:00.000Z,created,ready,2025-03-25T00:00:00.000Z,2025-06-28T00:00:00.000Z,95% Polyester 5% Elastane,Dry Clean Only,Wool Coats in Mustard from Only & Sons collection
5713447670044,16050282,16050282_Denim,L,Denim,Fusion Wear,12,Fusion Wear,Coats,Wool Coats,Male,Spring,JACK DENI WOO,PT,46.89,56.27,,18.76,2025-01-18T00:00:00.000Z,created,ready,2025-03-04T00:00:00.000Z,2025-06-15T00:00:00.000Z,65% Polyester 35% Cotton,Machine Wash Cold,Wool Coats in Denim from Jack & Jones collection
5713447670045,16050283,16050283_Teal,L,Teal,Cascade Wear,18,Cascade Wear,Blazers,Casual Blazers,Male,All Season,Y.A. TEAL CAS,CN,114.89,,,45.96,2024-12-23T00:00:00.000Z,in_progress,ready,2025-03-10T00:00:00.000Z,2024-03-11T00:00:00.000Z,79% Cotton 20% Recycled Cotton 1% Elastane,Machine Wash 40°,Casual Blazers in Teal from Y.A.S collection
5713447670046,16050284,16050284_Blue,XS,Blue,Zenith Wear,15,Zenith Wear,Knitwear,Cardigans,Female,All Season,MINI BLUE CAR,IN,127.93,153.52,,51.17,2025-03-27T00:00:00.000Z,retired,ready,2024-02-03T00:00:00.000Z,2024-12-23T00:00:00.000Z,100% Polyester,Machine Wash 60°,Cardigans in Blue from Minimum collection
5713447670047,16050285,16050285_Black,M,Black,Prime Cloth,11,Prime Cloth,Tops,T-Shirts,Female,All Season,ONLY BLAC T-S,TR,132.65,,119.39,53.06,2025-02-04T00:00:00.000Z,created,ready,2025-06-01T00:00:00.000Z,2024-07-13T00:00:00.000Z,100% Polyester,Machine Wash 40°,T-Shirts in Black from Only & Sons collection
5713447670048,16050286,16050286_Khaki,XL,Khaki,Quantum Style,13,Quantum Style,Jackets,Denim Jackets,Male,Summer,BLEN KHAK DEN,IT,39.6,47.52,35.64,15.84,2025-01-10T00:00:00.000Z,created,ready,2024-06-19T00:00:00.000Z,2025-07-01T00:00:00.000Z,50% Merino Wool 50% Acrylic,Machine Wash 60°,Denim Jackets in Khaki from Blend collection
5713447670049,16050287,16050287_Coral,XL,Coral,Urban Threads,3,Urban Threads,Coats,Wool Coats,Female,Winter,ONLY CORA WOO,IN,98.93,118.72,,39.57,2025-02-06T00:00:00.000Z,in_progress,ready,2024-12-29T00:00:00.000Z,2024-11-13T00:00:00.000Z,50% Merino Wool 50% Acrylic,Dry Clean Only,Wool Coats in Coral from Only collection
5713447670050,16050288,16050288_Pink,XL,Pink,Stellar Apparel,9,Stellar Apparel,Jackets,Denim Jackets,Male,Summer,PIEC PINK DEN,RO,104.42,,93.98,41.77,2025-01-21T00:00:00.000Z,created,ready,2025-01-09T00:00:00.000Z,2024-05-11T00:00:00.000Z,85% Polyamide 15% Elastane,Machine Wash 60°,Denim Jackets in Pink from Pieces collection
5713447670051,16050289,16050289_Charcoal,M,Charcoal,Apex Fashion,6,Apex Fashion,Coats,Wool Coats,Female,Winter,NOIS CHAR WOO,VN,41.13,49.36,37.02,16.45,2025-03-17T00:00:00.000Z,created,ready,2024-11-29T00:00:00.000Z,2024-04-02T00:00:00.000Z,85% Polyamide 15% Elastane,Machine Wash Cold,Wool Coats in Charcoal from Noisy May collection
5713447670052,16050290,16050290_Mustard,XXL,Mustard,Quantum Style,13,Quantum Style,Knit,Pullover,Male,Autumn,BLEN MUST PUL,IN,44.19,53.03,39.77,17.68,2025-03-11T00:00:00.000Z,created,ready,2025-05-07T00:00:00.000Z,2024-09-25T00:00:00.000Z,50% Merino Wool 50% Acrylic,Dry Clean Only,Pullover in Mustard from Blend collection
5713447670053,16050291,16050291_Blue,XXL,Blue,Metro Mode,8,Metro Mode,Sweaters,Pullover Sweaters,Male,Winter,SELE BLUE PUL,IT,125.39,150.47,112.85,50.16,2024-12-07T00:00:00.000Z,approved,ready,2024-10-19T00:00:00.000Z,2025-10-10T00:00:00.000Z,95% Polyester 5% Elastane,Machine Wash 40°,Pullover Sweaters in Blue from Selected collection
5713447670054,16050292,16050292_Cream,XXL,Cream,Quantum Style,13,Quantum Style,Pants,Cargo Pants,Male,Spring,BLEN CREA CAR,RO,104.23,125.08,93.81,41.69,2025-04-01T00:00:00.000Z,created,ready,2025-04-24T00:00:00.000Z,2025-11-28T00:00:00.000Z,97% Cotton 3% Elastane,Machine Wash 60°,Cargo Pants in Cream from Blend collection
5713447670055,16050293,16050293_Teal,M,Teal,Echo Wear,5,Echo Wear,Jackets,Parka Jackets,Male,Spring,VERO TEAL PAR,IT,30.7,36.84,,12.28,2025-03-02T00:00:00.000Z,approved,ready,2024-06-03T00:00:00.000Z,2025-07-08T00:00:00.000Z,97% Cotton 3% Elastane,Machine Wash Cold,Parka Jackets in Teal from Vero Moda collection
5713447670056,16050294,16050294_Khaki,L,Khaki,Infinity Mode,17,Infinity Mode,Pants,Cargo Pants,Male,Spring,OBJE KHAK CAR,IT,53.08,63.7,47.77,21.23,2025-02-18T00:00:00.000Z,in_progress,ready,2024-03-30T00:00:00.000Z,2025-08-17T00:00:00.000Z,100% Polyester,Machine Wash 30°,Cargo Pants in Khaki from Object collection
5713447670057,16050295,16050295_Khaki,XXXL,Khaki,Cascade Wear,18,Cascade Wear,Coats,Wool Coats,Male,Spring,Y.A. KHAK WOO,RO,60.97,73.16,,24.39,2025-01-18T00:00:00.000Z,created,ready,2025-03-09T00:00:00.000Z,2024-03-02T00:00:00.000Z,100% Polyester,Machine Wash 30°,Wool Coats in Khaki from Y.A.S collection
5713447670058,16050296,16050296_Blue,XL,Blue,Echo Wear,5,Echo Wear,Jackets,Denim Jackets,Male,Autumn,VERO BLUE DEN,IN,101.43,121.72,,40.57,2025-01-25T00:00:00.000Z,created,ready,2025-11-21T00:00:00.000Z,2025-08-02T00:00:00.000Z,50% Wool 50% Acrylic,Machine Wash 30°,Denim Jackets in Blue from Vero Moda collection
5713447670059,16050297,16050297_Teal,M,Teal,Prime Cloth,11,Prime Cloth,Pants,Chinos,Female,Summer,ONLY TEAL CHI,BD,55.77,,50.19,22.31,2025-03-02T00:00:00.000Z,approved,ready,2025-03-28T00:00:00.000Z,2025-04-06T00:00:00.000Z,97% Cotton 3% Elastane,Machine Wash 40°,Chinos in Teal from Only & Sons collection
5713447670060,16050298,16050298_Black,XXXL,Black,Velocity Apparel,16,Velocity Apparel,Pants,Cargo Pants,Male,Winter,MATI BLAC CAR,CN,135.43,162.52,121.89,54.17,2025-02-24T00:00:00.000Z,retired,ready,2025-05-06T00:00:00.000Z,2025-09-25T00:00:00.000Z,97% Cotton 3% Elastane,Machine Wash 30°,Cargo Pants in Black from Matinique collection
5713447670061,16050299,16050299_Olive,L,Olive,Apex Fashion,6,Apex Fashion,Jeans,Slim Jeans,Female,Winter,NOIS OLIV SLI,IN,85.58,102.7,77.02,34.23,2025-03-30T00:00:00.000Z,created,ready,2025-01-12T00:00:00.000Z,2024-01-05T00:00:00.000Z,100% Cotton,Machine Wash 60°,Slim Jeans in Olive from Noisy May collection
5713447670062,160502100,160502100_Blue,XS,Blue,Velocity Apparel,16,Velocity Apparel,Tops,T-Shirts,Male,Winter,MATI BLUE T-S,BD,34.66,,,13.86,2024-12-05T00:00:00.000Z,created,ready,2025-08-26T00:00:00.000Z,2025-05-01T00:00:00.000Z,100% Leather,Machine Wash 30°,T-Shirts in Blue from Matinique collection
5713447670063,160502101,160502101_Khaki,XS,Khaki,Echo Wear,5,Echo Wear,Knit,Pullover,Female,Winter,VERO KHAK PUL,PT,44.52,53.42,,17.81,2024-12-10T00:00:00.000Z,created,ready,2024-01-04T00:00:00.000Z,2024-02-07T00:00:00.000Z,50% Wool 50% Acrylic,Hand Wash Only,Pullover in Khaki from Vero Moda collection
5713447670064,160502102,160502102_Black,S,Black,Apex Fashion,6,Apex Fashion,Jackets,Bomber Jackets,Male,Spring,NOIS BLAC BOM,BD,46.31,,41.68,18.52,2025-01-06T00:00:00.000Z,created,ready,2024-03-17T00:00:00.000Z,2024-12-23T00:00:00.000Z,65% Polyester 35% Cotton,Machine Wash 60°,Bomber Jackets in Black from Noisy May collection
5713447670065,160502103,160502103_Coral,M,Coral,Luxe Line,7,Luxe Line,Jackets,Denim Jackets,Male,Autumn,NAME CORA DEN,IN,80.08,,,32.03,2024-12-07T00:00:00.000Z,created,ready,2025-11-28T00:00:00.000Z,2025-08-14T00:00:00.000Z,50% Wool 50% Acrylic,Dry Clean Only,Denim Jackets in Coral from Name It collection
5713447670066,160502104,160502104_Purple,XS,Purple,Urban Threads,3,Urban Threads,Sweaters,Pullover Sweaters,Female,Winter,ONLY PURP PUL,RO,135.21,162.25,121.69,54.08,2024-12-17T00:00:00.000Z,created,ready,2025-10-25T00:00:00.000Z,2025-10-03T00:00:00.000Z,65% Polyester 35% Cotton,Machine Wash 30°,Pullover Sweaters in Purple from Only collection
5713447670067,160502105,160502105_Mustard,XL,Mustard,Zenith Wear,15,Zenith Wear,Sweaters,Pullover Sweaters,Female,Autumn,MINI MUST PUL,IN,64.75,77.7,58.27,25.9,2025-03-19T00:00:00.000Z,created,ready,2024-01-21T00:00:00.000Z,2024-06-07T00:00:00.000Z,50% Wool 50% Acrylic,Dry Clean Only,Pullover Sweaters in Mustard from Minimum collection
5713447670068,160502106,160502106_Purple,XXXL,Purple,Quantum Style,13,Quantum Style,Accessories,Bags,Male,Winter,BLEN PURP BAG,RO,135.95,163.14,122.35,54.38,2025-01-09T00:00:00.000Z,created,ready,2025-08-23T00:00:00.000Z,2025-11-01T00:00:00.000Z,80% Cotton 20% Polyester,Machine Wash Cold,Bags in Purple from Blend collection
5713447670069,160502107,160502107_Olive,XS,Olive,Nova Style,4,Nova Style,Jackets,Denim Jackets,Male,All Season,VILA OLIV DEN,IN,95.5,,,38.2,2024-12-26T00:00:00.000Z,created,ready,2025-03-13T00:00:00.000Z,2024-01-10T00:00:00.000Z,50% Wool 50% Acrylic,Machine Wash 60°,Denim Jackets in Olive from Vila collection
5713447670070,160502108,160502108_Teal,XS,Teal,Quantum Style,13,Quantum Style,Blazers,Casual Blazers,Male,Summer,BLEN TEAL CAS,IN,124.74,,,49.9,2025-02-15T00:00:00.000Z,created,ready,2024-05-08T00:00:00.000Z,2025-05-23T00:00:00.000Z,85% Polyamide 15% Elastane,Hand Wash Only,Casual Blazers in Teal from Blend collection
5713447670071,160502109,160502109_Charcoal,XXXL,Charcoal,Infinity Mode,17,Infinity Mode,T-Shirts,Basic Tees,Female,Winter,OBJE CHAR BAS,RO,31.97,,,12.79,2025-01-10T00:00:00.000Z,created,ready,2024-08-13T00:00:00.000Z,2024-04-02T00:00:00.000Z,75% Viscose 25% Nylon,Machine Wash 40°,Basic Tees in Charcoal from Object collection
5713447670072,160502110,160502110_Olive,M,Olive,Luxe Line,7,Luxe Line,Jackets,Parka Jackets,Female,Spring,NAME OLIV PAR,VN,143.21,171.85,128.89,57.28,2025-02-12T00:00:00.000Z,created,ready,2025-01-26T00:00:00.000Z,2024-01-25T00:00:00.000Z,65% Polyester 35% Cotton,Hand Wash Only,Parka Jackets in Olive from Name It collection
5713447670073,160502111,160502111_Denim,XXXL,Denim,Stellar Apparel,9,Stellar Apparel,Coats,Wool Coats,Female,Autumn,PIEC DENI WOO,CN,71.42,85.7,64.28,28.57,2024-12-23T00:00:00.000Z,created,ready,2025-03-10T00:00:00.000Z,2024-10-29T00:00:00.000Z,85% Polyamide 15% Elastane,Machine Wash 30°,Wool Coats in Denim from Pieces collection
5713447670074,160502112,160502112_White,XXL,White,Cascade Wear,18,Cascade Wear,Accessories,Bags,Male,All Season,Y.A. WHIT BAG,IT,55.58,66.7,,22.23,2025-03-16T00:00:00.000Z,approved,ready,2025-01-03T00:00:00.000Z,2024-04-21T00:00:00.000Z,95% Polyester 5% Elastane,Machine Wash 60°,Bags in White from Y.A.S collection
5713447670075,160502113,160502113_Green,M,Green,Velocity Apparel,16,Velocity Apparel,Accessories,Bags,Male,Spring,MATI GREE BAG,IN,102.1,122.52,91.89,40.84,2024-12-21T00:00:00.000Z,created,ready,2025-04-03T00:00:00.000Z,2025-10-31T00:00:00.000Z,65% Polyester 35% Cotton,Machine Wash Cold,Bags in Green from Matinique collection
5713447670076,160502114,160502114_Green,XS,Green,Stellar Apparel,9,Stellar Apparel,Pants,Chinos,Female,Winter,PIEC GREE CHI,CN,22.01,,,8.8,2025-03-09T00:00:00.000Z,created,ready,2024-06-28T00:00:00.000Z,2024-12-08T00:00:00.000Z,85% Polyamide 15% Elastane,Machine Wash 60°,Chinos in Green from Pieces collection
5713447670077,160502115,160502115_Denim,L,Denim,Velocity Apparel,16,Velocity Apparel,T-Shirts,Basic Tees,Female,Spring,MATI DENI BAS,TR,62.78,,,25.11,2024-12-11T00:00:00.000Z,created,ready,2024-11-24T00:00:00.000Z,2024-01-05T00:00:00.000Z,80% Cotton 20% Polyester,Hand Wash Only,Basic Tees in Denim from Matinique collection
5713447670078,160502116,160502116_Khaki,M,Khaki,Urban Threads,3,Urban Threads,Blazers,Casual Blazers,Female,Spring,ONLY KHAK CAS,IT,54.33,65.2,48.9,21.73,2025-02-23T00:00:00.000Z,created,ready,2025-08-30T00:00:00.000Z,2025-09-24T00:00:00.000Z,85% Polyamide 15% Elastane,Machine Wash 30°,Casual Blazers in Khaki from Only collection
5713447670079,160502117,160502117_Cream,XXXL,Cream,Horizon Fashion,14,Horizon Fashion,Jackets,Parka Jackets,Female,Summer,PROD CREA PAR,CN,48.79,,,19.52,2025-03-17T00:00:00.000Z,created,ready,2025-11-14T00:00:00.000Z,2024-10-14T00:00:00.000Z,60% Wool 40% Polyester,Machine Wash Cold,Parka Jackets in Cream from Produkt collection
5713447670080,160502118,160502118_Beige,L,Beige,Infinity Mode,17,Infinity Mode,Shorts,Denim Shorts,Male,Summer,OBJE BEIG DEN,PT,77.49,92.99,69.74,31,2025-03-27T00:00:00.000Z,in_progress,ready,2024-02-10T00:00:00.000Z,2024-10-27T00:00:00.000Z,100% Cotton,Machine Wash Cold,Denim Shorts in Beige from Object collection
5713447670081,160502119,160502119_Beige,S,Beige,Stellar Apparel,9,Stellar Apparel,Tops,T-Shirts,Male,Spring,PIEC BEIG T-S,TR,98.63,118.36,88.77,39.45,2025-03-13T00:00:00.000Z,created,ready,2025-06-14T00:00:00.000Z,2025-08-28T00:00:00.000Z,100% Leather,Machine Wash 40°,T-Shirts in Beige from Pieces collection
5713447670082,160502120,160502120_Green,S,Green,Prime Cloth,11,Prime Cloth,Accessories,Scarves,Female,Autumn,ONLY GREE SCA,PT,108.29,129.95,,43.32,2025-01-15T00:00:00.000Z,retired,ready,2025-01-12T00:00:00.000Z,2024-08-11T00:00:00.000Z,85% Polyamide 15% Elastane,Dry Clean Only,Scarves in Green from Only & Sons collection
5713447670083,160502121,160502121_Cream,M,Cream,Luxe Line,7,Luxe Line,Tops,T-Shirts,Male,Spring,NAME CREA T-S,IT,79.85,95.82,,31.94,2025-03-29T00:00:00.000Z,created,ready,2025-02-10T00:00:00.000Z,2024-01-18T00:00:00.000Z,60% Wool 40% Polyester,Hand Wash Only,T-Shirts in Cream from Name It collection
5713447670084,160502122,160502122_Grey,XXXL,Grey,Echo Wear,5,Echo Wear,Skirts,Midi Skirts,Female,Autumn,VERO GREY MID,TR,27.55,33.06,,11.02,2025-01-11T00:00:00.000Z,in_progress,ready,2025-08-02T00:00:00.000Z,2024-06-10T00:00:00.000Z,100% Cotton,Machine Wash 60°,Midi Skirts in Grey from Vero Moda collection
5713447670085,160502123,160502123_Brown,XXL,Brown,Nova Style,4,Nova Style,Pants,Cargo Pants,Male,Summer,VILA BROW CAR,RO,28.74,34.49,,11.5,2025-03-30T00:00:00.000Z,created,ready,2024-03-09T00:00:00.000Z,2024-04-04T00:00:00.000Z,100% Polyester,Dry Clean Only,Cargo Pants in Brown from Vila collection
5713447670086,160502124,160502124_Charcoal,XL,Charcoal,Velocity Apparel,16,Velocity Apparel,T-Shirts,Basic Tees,Male,Spring,MATI CHAR BAS,RO,65.2,78.24,,26.08,2025-03-22T00:00:00.000Z,created,ready,2025-11-20T00:00:00.000Z,2024-05-19T00:00:00.000Z,95% Polyester 5% Elastane,Dry Clean Only,Basic Tees in Charcoal from Matinique collection
5713447670087,160502125,160502125_Cream,M,Cream,Nova Style,4,Nova Style,Dresses,Party Dresses,Male,Spring,VILA CREA PAR,CN,26.77,32.12,,10.71,2024-12-25T00:00:00.000Z,in_progress,ready,2025-09-17T00:00:00.000Z,2024-12-03T00:00:00.000Z,95% Polyester 5% Elastane,Hand Wash Only,Party Dresses in Cream from Vila collection
5713447670088,160502126,160502126_Mustard,L,Mustard,Fusion Wear,12,Fusion Wear,Shirts,Casual Shirts,Female,Winter,JACK MUST CAS,VN,45.79,,,18.32,2025-03-17T00:00:00.000Z,created,ready,2024-05-09T00:00:00.000Z,2024-05-29T00:00:00.000Z,100% Cotton,Hand Wash Only,Casual Shirts in Mustard from Jack & Jones collection
5713447670089,160502127,160502127_Khaki,XXL,Khaki,Infinity Mode,17,Infinity Mode,Knit,Pullover,Male,Spring,OBJE KHAK PUL,TR,49.89,,44.9,19.96,2025-02-18T00:00:00.000Z,in_progress,ready,2025-10-02T00:00:00.000Z,2024-02-23T00:00:00.000Z,100% Leather,Machine Wash 40°,Pullover in Khaki from Object collection
5713447670090,160502128,160502128_Olive,M,Olive,Metro Mode,8,Metro Mode,Accessories,Bags,Male,Spring,SELE OLIV BAG,RO,58.34,70.01,,23.34,2025-03-23T00:00:00.000Z,created,ready,2025-09-02T00:00:00.000Z,2025-09-21T00:00:00.000Z,85% Polyamide 15% Elastane,Machine Wash Cold,Bags in Olive from Selected collection
5713447670091,160502129,160502129_Burgundy,L,Burgundy,Stellar Apparel,9,Stellar Apparel,Tops,T-Shirts,Female,Summer,PIEC BURG T-S,IN,93.93,,84.54,37.57,2025-04-01T00:00:00.000Z,retired,ready,2024-12-20T00:00:00.000Z,2025-03-04T00:00:00.000Z,50% Wool 50% Acrylic,Dry Clean Only,T-Shirts in Burgundy from Pieces collection
5713447670092,160502130,160502130_Red,XS,Red,Horizon Fashion,14,Horizon Fashion,Jackets,Denim Jackets,Female,Autumn,PROD RED DEN,RO,82.87,99.44,74.58,33.15,2025-01-04T00:00:00.000Z,created,ready,2025-06-18T00:00:00.000Z,2024-10-08T00:00:00.000Z,50% Merino Wool 50% Acrylic,Machine Wash Cold,Denim Jackets in Red from Produkt collection
5713447670093,160502131,160502131_White,XXXL,White,Fusion Wear,12,Fusion Wear,Hoodies,Zip Hoodies,Male,All Season,JACK WHIT ZIP,TR,122.71,147.25,110.44,49.08,2025-01-29T00:00:00.000Z,created,ready,2025-01-24T00:00:00.000Z,2025-03-31T00:00:00.000Z,100% Leather,Machine Wash 30°,Zip Hoodies in White from Jack & Jones collection
5713447670094,160502132,160502132_Teal,M,Teal,Metro Mode,8,Metro Mode,Blazers,Casual Blazers,Female,Summer,SELE TEAL CAS,BD,130.58,156.7,,52.23,2025-03-15T00:00:00.000Z,created,ready,2024-05-05T00:00:00.000Z,2025-03-04T00:00:00.000Z,50% Wool 50% Acrylic,Machine Wash 40°,Casual Blazers in Teal from Selected collection
5713447670095,160502133,160502133_Black,XS,Black,Quantum Style,13,Quantum Style,Pants,Chinos,Female,All Season,BLEN BLAC CHI,IT,31,,,12.4,2025-02-20T00:00:00.000Z,created,ready,2024-12-07T00:00:00.000Z,2024-05-20T00:00:00.000Z,79% Cotton 20% Recycled Cotton 1% Elastane,Hand Wash Only,Chinos in Black from Blend collection
5713447670096,160502134,160502134_Black,XXL,Black,Cascade Wear,18,Cascade Wear,Coats,Wool Coats,Female,Winter,Y.A. BLAC WOO,RO,25.93,31.12,23.34,10.37,2024-12-10T00:00:00.000Z,created,ready,2025-04-30T00:00:00.000Z,2025-05-24T00:00:00.000Z,50% Wool 50% Acrylic,Hand Wash Only,Wool Coats in Black from Y.A.S collection
5713447670097,160502135,160502135_Charcoal,L,Charcoal,Urban Threads,3,Urban Threads,Accessories,Bags,Female,All Season,ONLY CHAR BAG,IN,149.53,179.44,134.58,59.81,2025-03-31T00:00:00.000Z,created,ready,2024-01-16T00:00:00.000Z,2025-10-21T00:00:00.000Z,75% Viscose 25% Nylon,Machine Wash 60°,Bags in Charcoal from Only collection
5713447670098,160502136,160502136_Brown,XS,Brown,Luxe Line,7,Luxe Line,Shirts,Casual Shirts,Male,Spring,NAME BROW CAS,PT,134.79,161.75,121.31,53.92,2025-03-10T00:00:00.000Z,created,ready,2024-02-20T00:00:00.000Z,2025-09-27T00:00:00.000Z,65% Polyester 35% Cotton,Machine Wash 40°,Casual Shirts in Brown from Name It collection
5713447670099,160502137,160502137_Charcoal,XS,Charcoal,Metro Mode,8,Metro Mode,Pants,Chinos,Male,Winter,SELE CHAR CHI,VN,83.35,100.02,75.02,33.34,2025-03-26T00:00:00.000Z,created,ready,2024-10-30T00:00:00.000Z,2025-05-01T00:00:00.000Z,95% Polyester 5% Elastane,Hand Wash Only,Chinos in Charcoal from Selected collection
5713447670100,160502138,160502138_White,XL,White,Cascade Wear,18,Cascade Wear,Jackets,Bomber Jackets,Female,All Season,Y.A. WHIT BOM,IN,26.95,32.34,,10.78,2025-02-18T00:00:00.000Z,created,ready,2025-10-03T00:00:00.000Z,2024-11-03T00:00:00.000Z,100% Organic Cotton,Dry Clean Only,Bomber Jackets in White from Y.A.S collection
5713447670101,160502139,160502139_Beige,S,Beige,Quantum Style,13,Quantum Style,Accessories,Scarves,Female,Winter,BLEN BEIG SCA,IT,92.03,,,36.81,2025-01-28T00:00:00.000Z,approved,ready,2025-08-31T00:00:00.000Z,2025-03-12T00:00:00.000Z,99% Cotton 1% Elastane,Machine Wash 60°,Scarves in Beige from Blend collection
5713447670102,160502140,160502140_Olive,XL,Olive,Cascade Wear,18,Cascade Wear,Jackets,Denim Jackets,Male,Summer,Y.A. OLIV DEN,IT,95.64,114.77,,38.26,2025-01-15T00:00:00.000Z,approved,ready,2025-02-01T00:00:00.000Z,2024-06-27T00:00:00.000Z,100% Polyester,Hand Wash Only,Denim Jackets in Olive from Y.A.S collection
5713447670103,160502141,160502141_Purple,S,Purple,Stellar Apparel,9,Stellar Apparel,Accessories,Bags,Male,Autumn,PIEC PURP BAG,BD,137.56,165.07,123.8,55.02,2025-03-14T00:00:00.000Z,created,ready,2025-05-24T00:00:00.000Z,2024-10-08T00:00:00.000Z,60% Wool 40% Polyester,Machine Wash 60°,Bags in Purple from Pieces collection
5713447670104,160502142,160502142_Teal,XXXL,Teal,Nova Style,4,Nova Style,Jeans,Slim Jeans,Female,All Season,VILA TEAL SLI,BD,32.33,,29.1,12.93,2025-01-11T00:00:00.000Z,created,ready,2025-04-06T00:00:00.000Z,2024-02-23T00:00:00.000Z,60% Wool 40% Polyester,Hand Wash Only,Slim Jeans in Teal from Vila collection
